{"theta0": 8499.46969445676, "theta1": -0.021447727678802538, "min_km": 22899.0, "max_km": 240000.0}